Rk,School,G,W,L,W-L%,SRS,SOS,,W,L,,W,L,,W,L,,Tm.,Opp.,,MP,FG,FGA,FG%,3P,3PA,3P%,FT,FTA,FT%,ORB,TRB,AST,STL,BLK,TOV,PF
1,Abilene Christian,19,8,11,0.421,-7.83,0.36,,0,4,,5,3,,2,8,,1330,1351,,760,442,982,0.45,120,357,0.336,347,492,0.705,169,620,233,161,72,311,340
2,Air Force,18,3,15,0.167,-7.08,-0.42,,0,7,,2,7,,0,8,,1138,1258,,720,452,961,0.47,124,338,0.367,230,332,0.693,168,598,211,115,42,202,324
3,Akron,17,12,5,0.706,2.06,-2.4,,5,0,,9,0,,2,3,,1408,1257,,685,445,1050,0.424,125,385,0.325,242,336,0.72,198,642,204,120,48,236,270
4,Alabama,18,15,3,0.833,24.72,12.83,,4,1,,7,1,,5,1,,1624,1410,,725,502,1222,0.411,123,421,0.292,283,394,0.718,223,662,205,130,71,191,388
5,Alabama A&M,18,6,12,0.333,-20.49,-6.56,,2,3,,6,5,,0,7,,1364,1450,,735,475,1077,0.441,155,406,0.382,343,487,0.704,240,706,275,175,59,298,336
6,Alabama State,18,7,11,0.389,-9.83,-4.47,,3,2,,4,0,,1,9,,1373,1413,,725,475,1047,0.454,152,434,0.35,311,430,0.723,204,715,243,100,56,234,299
7,Albany (NY),20,10,10,0.5,-9.36,-6.7,,2,3,,4,3,,4,6,,1506,1491,,805,532,1081,0.492,134,383,0.35,293,410,0.715,161,642,281,116,86,285,316
8,Alcorn State,18,3,15,0.167,-15.2,1.51,,3,2,,2,1,,1,14,,1109,1399,,725,477,1042,0.458,178,513,0.347,267,351,0.761,211,654,307,140,87,215,290
9,American,19,10,9,0.526,-7.9,-4.08,,4,2,,5,1,,2,8,,1319,1322,,775,472,1026,0.46,103,321,0.321,275,386,0.712,164,622,222,121,50,225,306
10,Appalachian State,18,11,7,0.611,1.59,-0.72,,5,2,,7,2,,2,4,,1253,1120,,720,408,1074,0.38,127,451,0.282,177,237,0.747,202,635,191,133,57,189,309
11,Arizona,17,11,6,0.647,23.52,9.82,,5,1,,8,1,,2,2,,1401,1168,,685,409,1032,0.396,139,446,0.312,211,302,0.699,190,559,221,113,43,222,310
12,Arizona State,17,10,7,0.588,13.01,10.6,,1,5,,5,2,,0,4,,1271,1230,,685,446,1066,0.418,130,422,0.308,208,281,0.74,196,617,234,140,64,200,311
13,Arkansas,18,11,7,0.611,15.33,6.39,,0,5,,9,2,,1,3,,1393,1232,,720,442,1076,0.411,139,444,0.313,209,293,0.713,184,618,215,122,49,236,282
14,Arkansas State,19,14,5,0.737,5.46,-1.65,,5,2,,9,0,,4,3,,1503,1332,,770,452,1159,0.39,125,415,0.301,303,447,0.678,253,771,218,120,62,240,339
15,Arkansas-Pine Bluff,18,3,15,0.167,-26.57,-2.82,,0,5,,3,1,,0,14,,1345,1624,,720,558,1140,0.489,183,524,0.349,325,477,0.681,222,699,342,188,57,214,280
16,Army,18,10,8,0.556,-10.35,-6.16,,4,2,,8,2,,2,6,,1369,1344,,740,501,1098,0.456,150,444,0.338,192,262,0.733,166,634,274,118,59,210,270
17,Auburn,18,17,1,0.944,31,11.39,,5,0,,8,0,,3,1,,1543,1190,,720,412,1045,0.394,103,338,0.305,263,372,0.707,197,578,147,110,36,211,292
18,Austin Peay,19,7,12,0.368,-10.64,-0.05,,2,4,,4,3,,2,8,,1272,1385,,765,486,1052,0.462,135,374,0.361,278,381,0.73,200,739,262,117,86,258,287
19,Ball State,17,8,9,0.471,-7.28,-5.28,,2,3,,4,4,,2,4,,1290,1241,,680,435,1013,0.429,128,410,0.312,243,336,0.723,170,586,224,116,37,176,340
20,Baylor,17,11,6,0.647,19.99,10.36,,3,3,,8,1,,1,4,,1373,1165,,695,405,934,0.434,139,376,0.37,216,324,0.667,166,554,254,101,80,253,270
21,Bellarmine,19,3,16,0.158,-17.28,-2.63,,0,6,,3,6,,0,10,,1341,1521,,760,545,1121,0.486,198,512,0.387,233,321,0.726,176,630,283,150,44,185,296
22,Belmont,19,14,5,0.737,1.89,-0.22,,6,2,,8,2,,5,2,,1547,1486,,765,539,1176,0.458,179,510,0.351,229,309,0.741,179,669,295,140,60,237,308
23,Bethune-Cookman,18,7,11,0.389,-7.56,-1.4,,4,1,,3,0,,3,10,,1176,1287,,720,454,1061,0.428,129,414,0.312,250,349,0.716,211,690,244,132,76,226,298
24,Binghamton,20,9,11,0.45,-14.46,-7.76,,1,4,,5,2,,3,8,,1394,1435,,810,498,1155,0.431,137,439,0.312,302,416,0.726,199,658,222,165,65,190,316
25,Boise State,19,13,6,0.684,13.59,3.98,,5,3,,8,1,,2,3,,1482,1274,,765,464,1077,0.431,134,396,0.338,212,310,0.684,150,541,198,99,60,209,357
26,Boston College,18,9,9,0.5,-1.76,1.96,,1,6,,6,5,,0,3,,1263,1330,,725,462,1015,0.455,133,376,0.354,273,381,0.717,166,595,227,107,59,186,318
27,Boston University,19,9,10,0.474,-10.65,-6.88,,3,3,,6,3,,2,7,,1253,1283,,765,453,1042,0.435,155,431,0.36,222,296,0.75,148,578,253,144,51,195,312
28,Bowling Green State,17,7,10,0.412,-8.76,-5.03,,2,3,,5,4,,1,5,,1302,1269,,680,447,1005,0.445,132,425,0.311,243,312,0.779,170,608,247,105,75,225,279
29,Bradley,19,16,3,0.842,9.23,-1.44,,7,1,,9,1,,4,1,,1534,1276,,775,431,1089,0.396,127,449,0.283,287,395,0.727,203,633,209,142,42,243,341
30,Brigham Young,17,11,6,0.647,15.97,2.73,,2,4,,9,1,,0,4,,1364,1139,,690,395,949,0.416,152,436,0.349,197,289,0.682,132,517,216,107,42,214,286
31,Brown,16,9,7,0.563,-5.3,-3.1,,1,2,,5,3,,4,4,,1161,1153,,655,427,967,0.442,108,324,0.333,191,273,0.7,183,560,189,123,62,181,227
32,Bryant,19,10,9,0.526,-2.49,-3.55,,4,0,,5,2,,4,6,,1569,1450,,765,517,1244,0.416,135,422,0.32,281,380,0.739,231,708,219,136,40,241,338
33,Bucknell,20,8,12,0.4,-7.31,-2.81,,4,3,,6,3,,2,8,,1397,1487,,840,527,1211,0.435,157,473,0.332,276,406,0.68,222,747,266,162,66,259,376
34,Buffalo,17,6,11,0.353,-13.52,-1.05,,1,4,,4,3,,2,8,,1234,1377,,680,502,1105,0.454,157,440,0.357,216,307,0.704,199,685,272,155,64,217,298
35,Butler,18,8,10,0.444,9.52,8.75,,1,6,,6,5,,0,4,,1300,1286,,720,473,1143,0.414,126,404,0.312,212,276,0.768,204,621,211,119,56,138,346
36,Cal Poly,20,6,14,0.3,-5.71,2.24,,0,8,,4,4,,2,10,,1584,1702,,815,602,1295,0.465,176,499,0.353,322,427,0.754,239,762,305,211,69,266,333
37,Cal State Bakersfield,19,9,10,0.474,-4.47,-0.76,,3,4,,7,1,,1,8,,1420,1365,,765,442,990,0.446,132,411,0.321,349,461,0.757,169,577,233,100,59,250,367
38,Cal State Fullerton,20,6,14,0.3,-10.86,1.53,,1,7,,4,5,,2,9,,1293,1477,,800,491,1098,0.447,165,500,0.33,330,441,0.748,206,676,267,151,61,245,387
39,Cal State Northridge,18,12,6,0.667,2.16,-4.91,,4,3,,4,2,,6,4,,1466,1270,,725,381,982,0.388,159,491,0.324,349,467,0.747,147,577,228,138,49,284,358
40,California,18,9,9,0.5,4.76,4.7,,2,5,,7,3,,2,5,,1350,1349,,720,489,1043,0.469,129,353,0.365,242,340,0.712,179,596,216,119,71,201,340
41,California Baptist,18,9,9,0.5,-0.49,-0.44,,2,2,,6,3,,2,5,,1313,1314,,730,479,1047,0.457,119,339,0.351,237,326,0.727,175,618,201,114,61,212,312
42,Campbell,19,8,11,0.421,-7.11,-4.06,,3,3,,4,4,,4,7,,1327,1289,,760,477,1051,0.454,117,393,0.298,218,333,0.655,180,676,246,108,54,256,327
43,Canisius,18,2,16,0.111,-17.81,-2.92,,2,5,,1,6,,1,9,,1156,1424,,720,514,1048,0.49,156,432,0.361,240,324,0.741,202,665,303,95,55,174,213
44,Central Arkansas,19,5,14,0.263,-14.39,-3.51,,1,5,,5,2,,0,12,,1365,1473,,785,527,1168,0.451,232,616,0.377,187,258,0.725,198,751,318,130,76,255,286
45,Central Connecticut State,18,12,6,0.667,-5.52,-7.15,,3,2,,5,2,,7,3,,1269,1145,,720,434,1044,0.416,134,414,0.324,143,205,0.698,168,587,220,109,36,219,226
46,Central Michigan,17,8,9,0.471,-4.97,2.41,,2,3,,4,2,,4,6,,1245,1191,,680,420,996,0.422,139,445,0.312,212,308,0.688,166,551,239,121,53,222,288
47,Charleston Southern,20,6,14,0.3,-9.01,0.49,,2,3,,5,2,,1,10,,1478,1585,,815,593,1246,0.476,131,377,0.347,268,394,0.68,183,707,262,140,77,198,410
48,Charlotte,19,7,12,0.368,-5.76,-1.09,,0,6,,5,5,,1,6,,1337,1399,,770,513,1092,0.47,117,383,0.305,256,383,0.668,190,688,236,101,61,183,370
49,Chattanooga,19,12,7,0.632,-1.52,-3.22,,4,2,,8,2,,4,5,,1475,1379,,770,488,1102,0.443,156,437,0.357,247,366,0.675,177,615,247,120,57,206,301
50,Chicago State,20,2,18,0.1,-19.96,-0.36,,2,3,,1,4,,1,12,,1190,1582,,800,543,1161,0.468,157,469,0.335,339,474,0.715,239,837,322,142,70,259,298
51,Cincinnati,17,12,5,0.706,15.55,3.73,,2,4,,8,2,,3,3,,1231,1030,,680,379,978,0.388,83,308,0.269,189,251,0.753,176,561,176,94,51,214,245
52,Clemson,19,15,4,0.789,16.47,6,,7,1,,10,1,,3,3,,1467,1268,,775,458,1064,0.43,134,422,0.318,218,302,0.722,193,612,203,120,50,260,315
53,Cleveland State,20,14,6,0.7,-2.1,-3.51,,8,1,,9,2,,5,4,,1493,1309,,800,442,1043,0.424,148,423,0.35,277,397,0.698,218,654,255,131,92,336,323
54,Coastal Carolina,19,8,11,0.421,-9.9,-6.48,,1,6,,5,4,,2,7,,1314,1325,,765,452,1077,0.42,114,372,0.306,307,422,0.727,178,628,189,129,65,142,339
55,Colgate,20,9,11,0.45,-4.78,-3.57,,6,1,,6,2,,3,7,,1411,1401,,800,516,1161,0.444,161,446,0.361,208,299,0.696,182,685,284,135,66,226,268
56,College of Charleston,19,15,4,0.789,1.43,-1.52,,5,1,,8,1,,4,2,,1490,1414,,770,519,1197,0.434,147,476,0.309,229,333,0.688,197,694,284,125,72,232,333
57,Colorado,17,9,8,0.529,8.99,6.82,,0,6,,8,3,,0,3,,1253,1216,,690,423,1007,0.42,131,403,0.325,239,325,0.735,168,559,202,145,48,200,331
58,Colorado State,18,11,7,0.611,9.65,3.87,,5,2,,7,2,,3,2,,1334,1230,,735,435,1049,0.415,129,377,0.342,231,348,0.664,176,613,201,115,48,219,314
59,Columbia,16,11,5,0.688,-2.54,-6.4,,0,3,,8,2,,3,3,,1302,1153,,640,425,993,0.428,148,416,0.356,155,219,0.708,176,528,276,110,48,198,262
60,Connecticut,18,13,5,0.722,17.86,5.03,,5,2,,8,1,,4,1,,1456,1225,,730,404,954,0.423,117,307,0.381,300,404,0.743,160,526,180,87,45,204,298
61,Coppin State,19,3,16,0.158,-20.96,-1.24,,1,3,,3,3,,0,13,,1146,1475,,760,514,1030,0.499,159,449,0.354,288,405,0.711,181,704,298,148,99,269,326
62,Cornell,16,10,6,0.625,0.3,-3.77,,2,1,,4,4,,6,2,,1385,1235,,640,446,995,0.448,127,363,0.35,216,307,0.704,177,539,232,111,29,194,259
63,Creighton,18,12,6,0.667,15.56,10.23,,5,2,,9,1,,2,3,,1358,1262,,720,490,1200,0.408,132,423,0.312,150,202,0.743,202,631,204,145,56,154,282
64,Dartmouth,16,7,9,0.438,-9.5,-5.86,,1,2,,5,3,,2,6,,1256,1172,,645,445,984,0.452,117,366,0.32,165,240,0.688,136,578,217,109,41,194,292
65,Davidson,18,12,6,0.667,3.83,0.01,,2,3,,10,0,,1,4,,1384,1278,,720,461,1042,0.442,143,400,0.358,213,313,0.681,163,597,218,104,50,193,303
66,Dayton,18,12,6,0.667,10.56,5.08,,2,3,,11,1,,0,2,,1363,1249,,725,445,1028,0.433,141,414,0.341,218,287,0.76,172,577,225,102,54,215,339
67,Delaware,19,11,8,0.579,-4.25,-4.72,,4,2,,7,2,,3,5,,1513,1461,,760,518,1203,0.431,138,401,0.344,287,399,0.719,238,719,235,116,53,214,321
68,Delaware State,19,9,10,0.474,-12.21,-4.01,,1,3,,6,1,,1,9,,1455,1364,,760,475,1098,0.433,144,466,0.309,270,387,0.698,198,651,272,118,60,266,318
69,Denver,21,6,15,0.286,-13.65,-2.65,,0,6,,5,4,,1,9,,1534,1685,,855,560,1148,0.488,141,422,0.334,424,569,0.745,211,753,283,134,57,272,383
70,DePaul,19,10,9,0.526,6.64,3.37,,1,7,,9,4,,1,5,,1464,1402,,780,520,1162,0.448,143,399,0.358,219,328,0.668,193,641,281,149,69,214,297
71,Detroit Mercy,20,6,14,0.3,-12.28,-1.65,,2,7,,4,4,,2,8,,1351,1514,,815,510,1179,0.433,187,574,0.326,307,438,0.701,226,735,293,137,81,229,326
72,Drake,18,16,2,0.889,8.81,-0.19,,6,2,,9,1,,4,1,,1278,1027,,725,359,841,0.427,95,325,0.292,214,294,0.728,124,441,168,106,39,262,308
73,Drexel,19,11,8,0.579,-3.55,-5.33,,3,3,,3,5,,6,2,,1328,1244,,765,453,1126,0.402,114,396,0.288,224,302,0.742,196,618,222,135,48,182,271
74,Duke,18,16,2,0.889,30.55,8.77,,8,0,,11,0,,5,0,,1463,1071,,720,382,1032,0.37,122,394,0.31,185,261,0.709,174,550,210,107,49,214,296
75,Duquesne,18,9,9,0.5,2.77,1.07,,4,1,,6,4,,1,2,,1252,1175,,725,394,956,0.412,122,339,0.36,265,377,0.703,183,601,213,107,55,228,295
76,East Carolina,19,10,9,0.526,0.64,0.29,,2,4,,7,5,,1,3,,1434,1364,,770,482,1113,0.433,147,396,0.371,253,355,0.713,208,673,284,111,62,247,341
77,East Tennessee State,19,11,8,0.579,0.38,-4.56,,4,2,,8,2,,3,6,,1412,1279,,760,452,1046,0.432,127,390,0.326,248,373,0.665,192,625,224,118,65,261,306
78,East Texas A&M,19,2,17,0.105,-13.52,0.32,,0,8,,2,6,,0,11,,1213,1476,,760,518,1056,0.491,150,397,0.378,290,412,0.704,192,669,312,189,72,259,305
79,Eastern Illinois,18,5,13,0.278,-14.49,-2.09,,1,6,,5,3,,0,10,,1247,1323,,730,433,1010,0.429,165,467,0.353,292,393,0.743,197,667,275,120,81,277,317
80,Eastern Kentucky,19,9,10,0.474,-5.9,-2.14,,3,3,,5,2,,3,6,,1472,1471,,775,526,1155,0.455,160,441,0.363,259,373,0.694,243,757,267,119,79,276,308
81,Eastern Michigan,17,8,9,0.471,-12.4,-4.65,,2,3,,3,3,,4,6,,1221,1320,,685,455,970,0.469,139,374,0.372,271,361,0.751,172,589,232,128,47,211,320
82,Eastern Washington,19,6,13,0.316,-6.34,0.96,,2,4,,5,2,,1,10,,1402,1456,,760,513,1092,0.47,151,429,0.352,279,385,0.725,202,647,283,156,60,260,311
83,Elon,19,13,6,0.684,0.2,-3.74,,4,2,,7,0,,5,5,,1440,1274,,760,461,1198,0.385,160,516,0.31,192,254,0.756,224,612,259,138,60,176,350
84,Evansville,19,6,13,0.316,-8.06,0.22,,3,5,,5,5,,1,8,,1221,1323,,760,450,1069,0.421,144,453,0.318,279,378,0.738,198,713,223,141,39,226,279
85,Fairfield,18,7,11,0.389,-14.19,-6.66,,3,4,,5,3,,1,7,,1233,1312,,720,480,992,0.484,124,333,0.372,228,298,0.765,161,617,250,104,72,215,281
86,FDU,20,7,13,0.35,-12.93,-4.23,,3,2,,4,3,,3,10,,1524,1539,,811,559,1243,0.45,134,455,0.295,287,383,0.749,245,773,281,121,63,251,343
87,Florida,18,16,2,0.889,25.88,5.55,,3,2,,9,1,,2,1,,1546,1180,,720,412,1104,0.373,114,412,0.277,242,340,0.712,205,603,185,117,54,227,312
88,Florida A&M,16,5,11,0.313,-16.51,1.27,,2,3,,5,1,,0,10,,1138,1273,,641,450,983,0.458,135,368,0.367,238,351,0.678,199,612,237,134,54,189,266
89,Florida Atlantic,19,10,9,0.526,3.67,3.05,,3,3,,4,3,,3,4,,1533,1472,,775,516,1172,0.44,172,441,0.39,268,380,0.705,218,716,278,144,60,264,342
90,Florida Gulf Coast,19,10,9,0.526,0.03,-1.3,,5,1,,7,3,,3,6,,1330,1289,,760,446,1071,0.416,159,488,0.326,238,322,0.739,184,617,232,117,58,199,259
91,Florida International,19,7,12,0.368,-4.87,-2.87,,1,5,,5,5,,1,6,,1382,1354,,765,466,1068,0.436,130,403,0.323,292,409,0.714,195,652,264,155,61,294,337
92,Florida State,18,13,5,0.722,12.67,4.12,,4,3,,8,2,,1,3,,1417,1263,,725,416,1027,0.405,142,462,0.307,289,401,0.721,187,615,204,109,47,272,363
93,Fordham,18,8,10,0.444,-5.03,-0.5,,0,5,,6,4,,1,4,,1372,1409,,735,509,1096,0.464,121,347,0.349,270,385,0.701,193,680,254,135,65,245,327
94,Fresno State,19,5,14,0.263,-5.91,3.52,,1,7,,4,4,,1,8,,1383,1562,,775,585,1264,0.463,172,508,0.339,220,308,0.714,243,820,312,127,69,263,359
95,Furman,19,15,4,0.789,0.16,-1.9,,3,3,,8,2,,6,2,,1456,1264,,765,457,1110,0.412,120,419,0.286,230,325,0.708,210,659,215,133,57,235,311
96,Gardner-Webb,19,8,11,0.421,-5.98,-2.4,,3,3,,4,2,,2,9,,1407,1475,,760,512,1145,0.447,143,447,0.32,308,426,0.723,208,635,269,166,59,200,343
97,George Mason,19,14,5,0.737,8.63,-0.43,,5,1,,12,1,,2,4,,1399,1191,,780,405,1112,0.364,144,477,0.302,237,328,0.723,212,600,215,142,51,230,367
98,George Washington,18,13,5,0.722,2.84,-4.99,,2,3,,9,1,,2,3,,1398,1225,,735,434,1079,0.402,118,407,0.29,239,326,0.733,222,650,217,134,71,251,321
99,Georgetown,19,13,6,0.684,9.87,1.87,,4,4,,10,3,,3,3,,1375,1223,,760,424,1095,0.387,143,424,0.337,232,305,0.761,204,627,226,153,64,270,290
100,Georgia,18,14,4,0.778,18.23,5.39,,2,3,,11,1,,1,2,,1403,1172,,720,418,1076,0.388,123,425,0.289,213,283,0.753,199,554,187,150,65,235,375
101,Georgia Southern,19,10,9,0.526,-10.45,-4.83,,3,4,,6,1,,3,7,,1406,1497,,775,496,1128,0.44,150,467,0.321,355,501,0.709,241,757,264,145,75,260,307
102,Georgia State,19,7,12,0.368,-9.69,-0.02,,3,4,,6,4,,0,7,,1372,1506,,765,555,1233,0.45,163,521,0.313,233,331,0.704,219,689,305,147,69,182,324
103,Georgia Tech,19,8,11,0.421,5.25,4.31,,2,6,,8,5,,0,5,,1423,1405,,760,494,1164,0.424,156,447,0.349,261,369,0.707,196,686,271,127,63,216,327
104,Gonzaga,20,14,6,0.7,22.46,6.71,,5,2,,9,1,,3,1,,1768,1453,,815,521,1224,0.426,154,509,0.303,257,344,0.747,183,652,255,119,71,259,361
105,Grambling,18,4,14,0.222,-11.75,0.45,,1,4,,4,2,,0,10,,1226,1288,,725,461,1066,0.432,120,347,0.346,246,336,0.732,180,623,254,149,75,215,281
106,Grand Canyon,18,13,5,0.722,7.42,-1.52,,3,1,,11,1,,0,2,,1437,1237,,720,441,1066,0.414,116,374,0.31,239,322,0.742,173,610,205,113,61,289,375
107,Green Bay,20,2,18,0.1,-13.21,-1.05,,0,9,,1,8,,1,10,,1376,1609,,800,569,1208,0.471,190,507,0.375,281,404,0.696,224,731,321,148,73,205,319
108,Hampton,19,10,9,0.526,-5.65,-2.22,,3,4,,6,3,,3,4,,1397,1334,,760,456,1012,0.451,140,415,0.337,282,410,0.688,164,631,262,111,57,255,296
109,Harvard,16,6,10,0.375,-8.54,-4.34,,1,2,,3,4,,3,6,,1083,1140,,640,422,951,0.444,127,371,0.342,169,224,0.754,176,563,224,120,62,182,231
110,Hawaii,18,12,6,0.667,0.71,-0.73,,4,3,,10,4,,2,2,,1326,1264,,730,446,1047,0.426,110,324,0.34,262,348,0.753,156,518,155,131,46,163,369
111,High Point,21,16,5,0.762,3.95,-5.05,,4,2,,11,1,,2,3,,1685,1415,,840,491,1172,0.419,136,406,0.335,297,425,0.699,221,648,216,101,58,247,397
112,Hofstra,19,10,9,0.526,-2.62,0.56,,2,4,,4,3,,3,5,,1261,1220,,775,411,1096,0.375,135,412,0.328,263,381,0.69,212,705,213,125,57,214,309
113,Holy Cross,19,10,9,0.526,-11.46,-5.41,,2,4,,5,2,,3,7,,1325,1353,,760,502,1103,0.455,152,455,0.334,197,274,0.719,165,622,268,116,45,186,252
114,Houston,17,14,3,0.824,28.94,7.76,,6,0,,10,0,,3,0,,1295,935,,690,309,869,0.356,114,382,0.298,203,293,0.693,169,533,171,76,43,244,268
115,Houston Christian,19,8,11,0.421,-7.33,-0.57,,5,3,,6,5,,2,6,,1276,1344,,760,515,1077,0.478,107,334,0.32,207,300,0.69,187,668,230,145,68,235,299
116,Howard,19,8,11,0.421,-8.97,-2.43,,3,0,,6,4,,1,6,,1502,1514,,765,526,1129,0.466,153,440,0.348,309,408,0.757,181,619,248,136,59,213,339
117,Idaho,19,8,11,0.421,-6.14,-1.73,,3,3,,5,3,,3,7,,1410,1408,,760,491,1069,0.459,145,418,0.347,281,407,0.69,202,649,250,127,72,224,308
118,Idaho State,16,8,8,0.5,-1.17,-0.86,,3,2,,6,2,,2,6,,1203,1078,,645,384,901,0.426,120,334,0.359,190,276,0.688,139,455,219,105,62,196,281
119,Illinois,18,13,5,0.722,26.33,7.55,,5,3,,8,2,,3,2,,1562,1224,,726,452,1166,0.388,100,359,0.279,220,321,0.685,177,603,187,109,54,195,343
120,Illinois State,19,11,8,0.579,2.35,-0.59,,3,5,,7,3,,3,3,,1458,1350,,765,471,1048,0.449,169,483,0.35,239,324,0.738,142,561,235,102,47,201,333
121,Illinois-Chicago,18,12,6,0.667,2.02,1.64,,5,3,,6,2,,5,2,,1438,1326,,740,470,1081,0.435,134,396,0.338,252,361,0.698,169,580,262,130,64,212,323
122,Incarnate Word,19,9,10,0.474,-7.13,-4.93,,2,6,,7,4,,1,6,,1460,1330,,760,455,1024,0.444,141,392,0.36,279,386,0.723,186,581,236,123,54,238,280
123,Indiana,19,14,5,0.737,12.74,7.79,,5,3,,11,1,,2,2,,1472,1378,,765,504,1181,0.427,143,456,0.314,227,329,0.69,202,649,261,132,58,218,359
124,Indiana State,19,9,10,0.474,-5.54,-1.36,,3,5,,4,4,,3,4,,1543,1521,,770,534,1177,0.454,155,452,0.343,298,420,0.71,192,665,238,169,56,242,325
125,Iona,18,6,12,0.333,-9.61,-5.39,,3,4,,3,5,,2,5,,1213,1289,,720,430,932,0.461,147,408,0.36,282,385,0.732,171,587,247,129,83,311,301
126,Iowa,18,12,6,0.667,14.59,5.03,,3,4,,10,1,,0,4,,1592,1420,,725,548,1145,0.479,139,415,0.335,185,281,0.658,211,677,296,121,43,275,300
127,Iowa State,17,15,2,0.882,24.98,6.45,,5,1,,10,0,,3,1,,1424,1109,,685,402,990,0.406,125,391,0.32,180,245,0.735,166,535,228,111,53,262,307
128,IU Indy,20,6,14,0.3,-10.42,-4.01,,2,7,,5,4,,1,8,,1488,1442,,800,489,1090,0.449,159,466,0.341,305,412,0.74,174,649,288,120,79,236,335
129,Jackson State,18,4,14,0.222,-11.42,3.41,,4,1,,2,0,,2,13,,1199,1466,,735,515,1108,0.465,181,483,0.375,255,363,0.702,210,724,306,177,71,236,308
130,Jacksonville,18,11,7,0.611,-1.66,-0.03,,5,1,,7,1,,3,5,,1274,1266,,725,445,1024,0.435,133,390,0.341,243,351,0.692,185,601,221,160,64,253,281
131,Jacksonville State,18,11,7,0.611,-0.22,-0.62,,3,2,,7,0,,3,5,,1401,1260,,720,453,1126,0.402,171,512,0.334,183,255,0.718,183,583,238,103,62,137,274
132,James Madison,19,10,9,0.526,0.02,1.43,,3,4,,8,2,,0,6,,1381,1325,,760,478,1087,0.44,134,402,0.333,235,342,0.687,158,609,209,136,50,203,292
133,Kansas,17,13,4,0.765,23.84,10.84,,4,2,,9,1,,2,3,,1300,1079,,680,376,1001,0.376,116,399,0.291,211,287,0.735,165,564,204,111,55,201,225
134,Kansas City,20,10,10,0.5,-5.65,-2.15,,2,3,,7,1,,2,7,,1510,1322,,800,464,1078,0.43,140,468,0.299,254,369,0.688,178,599,238,124,51,266,350
135,Kansas State,17,7,10,0.412,6.15,4.8,,1,5,,5,4,,0,5,,1245,1222,,685,452,1005,0.45,116,320,0.363,202,271,0.745,185,587,230,117,54,213,272
136,Kennesaw State,18,11,7,0.611,-2.15,0.45,,3,2,,9,0,,1,5,,1438,1358,,730,461,1138,0.405,136,431,0.316,300,430,0.698,215,658,241,156,67,216,335
137,Kent State,17,11,6,0.647,-0.65,-2.79,,2,3,,5,3,,4,2,,1182,1101,,680,362,878,0.412,114,367,0.311,263,366,0.719,157,570,216,93,48,242,267
138,Kentucky,18,14,4,0.778,23.33,10.27,,3,2,,11,1,,1,2,,1605,1370,,725,483,1156,0.418,144,501,0.287,260,363,0.716,201,653,216,96,53,196,322
139,La Salle,18,10,8,0.556,-1.62,0.39,,2,3,,7,1,,2,4,,1383,1357,,725,499,1108,0.45,138,433,0.319,221,317,0.697,167,649,270,118,63,214,292
140,Lafayette,19,7,12,0.368,-9.73,-6.73,,2,4,,6,3,,1,9,,1314,1322,,772,470,1068,0.44,140,408,0.343,242,342,0.708,185,688,251,114,49,233,315
141,Lamar,19,10,9,0.526,-3.79,-1.61,,5,3,,5,3,,5,4,,1383,1296,,760,460,1106,0.416,128,402,0.318,248,363,0.683,228,680,257,145,65,252,294
142,Le Moyne,20,7,13,0.35,-16.06,-5.61,,2,3,,4,4,,2,9,,1500,1599,,825,547,1233,0.444,169,500,0.338,336,479,0.701,241,753,314,151,66,235,353
143,Lehigh,17,6,11,0.353,-11.57,-2.97,,1,5,,5,2,,1,9,,1183,1245,,685,455,1003,0.454,116,345,0.336,219,313,0.7,167,624,213,112,52,188,278
144,Liberty,19,15,4,0.789,7.43,-2.13,,3,3,,8,2,,3,1,,1489,1169,,765,434,1099,0.395,109,375,0.291,192,259,0.741,171,638,170,110,41,247,266
145,Lindenwood,19,8,11,0.421,-12.97,-4.85,,3,5,,7,1,,0,9,,1377,1336,,765,468,1105,0.424,156,453,0.344,244,351,0.695,207,689,250,145,75,295,329
146,Lipscomb,19,13,6,0.684,7.65,-2.65,,5,1,,7,2,,6,4,,1516,1251,,760,481,1179,0.408,139,450,0.309,150,237,0.633,203,656,186,121,62,242,294
147,Little Rock,18,11,7,0.611,-6.49,-4.24,,5,2,,6,2,,5,5,,1241,1234,,725,392,1040,0.377,143,476,0.3,307,420,0.731,246,682,231,161,59,266,301
148,Long Beach State,19,7,12,0.368,-10.32,-0.21,,3,4,,3,5,,4,4,,1272,1373,,760,477,1070,0.446,142,395,0.359,277,398,0.696,229,646,234,137,48,222,338
149,Long Island University,21,10,11,0.476,-10.37,-6.58,,6,0,,6,3,,4,6,,1444,1406,,850,448,1087,0.412,141,450,0.313,369,501,0.737,195,686,272,155,99,284,323
150,Longwood,20,14,6,0.7,-3.06,-4.47,,3,2,,10,1,,3,3,,1573,1428,,800,507,1083,0.468,137,436,0.314,275,411,0.669,175,630,244,134,54,307,422
151,Louisiana,19,6,13,0.316,-11.57,-0.84,,4,3,,4,7,,2,3,,1253,1429,,760,488,1048,0.466,123,379,0.325,330,454,0.727,218,722,228,117,71,240,295
152,Louisiana State,18,12,6,0.667,12.8,2.74,,1,4,,10,1,,1,3,,1434,1253,,735,450,1143,0.394,127,407,0.312,226,328,0.689,243,641,204,148,55,227,314
153,Louisiana Tech,19,13,6,0.684,1.25,-1.31,,2,4,,7,1,,2,5,,1452,1298,,765,472,1141,0.414,143,469,0.305,211,310,0.681,205,602,239,141,48,212,284
154,Louisiana-Monroe,20,4,16,0.2,-15.81,-5.98,,0,7,,3,7,,1,8,,1405,1470,,805,541,1220,0.443,175,542,0.323,213,300,0.71,214,732,311,156,81,256,304
155,Louisville,19,14,5,0.737,18.56,9.77,,7,1,,8,3,,4,1,,1489,1322,,765,480,1095,0.438,149,426,0.35,213,302,0.705,173,630,234,120,57,258,372
156,Loyola (IL),18,11,7,0.611,0.69,-1.96,,2,3,,9,1,,2,2,,1367,1270,,725,441,1015,0.434,140,403,0.347,248,353,0.703,170,595,217,127,57,244,320
157,Loyola (MD),17,8,9,0.471,-10.5,-8,,3,3,,4,3,,4,6,,1201,1200,,680,437,966,0.452,108,327,0.33,218,296,0.736,157,551,219,126,40,206,284
158,Loyola Marymount,19,11,8,0.579,2.01,4.73,,3,4,,9,3,,0,5,,1330,1336,,760,483,1146,0.421,132,409,0.323,238,306,0.778,199,703,238,102,30,210,297
159,Maine,20,12,8,0.6,-5.14,-6.53,,4,1,,5,1,,5,7,,1450,1322,,800,471,1106,0.426,135,403,0.335,245,341,0.718,212,694,262,130,53,314,285
160,Manhattan,16,8,8,0.5,-9.82,-6.89,,3,4,,4,3,,4,5,,1205,1232,,655,446,997,0.447,134,384,0.349,206,276,0.746,187,573,256,119,66,168,260
161,Marist,16,13,3,0.813,-6.75,-10.69,,6,1,,8,1,,5,2,,1095,1032,,650,360,891,0.404,114,327,0.349,198,279,0.71,149,532,170,105,38,187,241
162,Marquette,18,15,3,0.833,20.86,8.75,,6,1,,10,1,,4,2,,1422,1204,,725,437,1000,0.437,128,415,0.308,202,283,0.714,175,637,272,99,45,287,271
163,Marshall,20,11,9,0.55,-1.97,-2.97,,4,3,,10,2,,1,7,,1500,1419,,800,490,1116,0.439,113,363,0.311,326,458,0.712,204,704,201,132,58,264,383
164,Maryland,19,14,5,0.737,21.19,2.5,,4,4,,12,1,,0,4,,1581,1226,,766,451,1086,0.415,128,404,0.317,196,280,0.7,175,608,219,99,39,294,331
165,Maryland-Baltimore County,19,9,10,0.474,-9.4,-7.21,,1,3,,6,5,,3,5,,1555,1456,,775,545,1206,0.452,133,399,0.333,233,335,0.696,221,724,214,125,59,257,303
166,Maryland-Eastern Shore,19,4,15,0.211,-21.11,2.09,,0,3,,4,1,,0,14,,1304,1535,,760,546,1166,0.468,154,487,0.316,289,399,0.724,218,718,295,143,53,195,318
167,Massachusetts,19,8,11,0.421,-1.93,0.01,,3,3,,6,4,,2,3,,1451,1452,,780,484,1169,0.414,150,467,0.321,334,457,0.731,220,731,277,116,71,254,394
168,Massachusetts-Lowell,19,13,6,0.684,-4.94,-4.44,,2,2,,11,1,,2,5,,1545,1380,,760,525,1253,0.419,132,432,0.306,198,280,0.707,218,653,224,139,62,204,380
169,McNeese State,19,14,5,0.737,9.81,0.4,,8,0,,8,1,,4,1,,1472,1224,,760,408,1013,0.403,149,471,0.316,259,358,0.723,205,609,233,130,56,295,302
170,Memphis,18,14,4,0.778,14.89,10.22,,4,1,,6,2,,5,1,,1418,1334,,730,457,1093,0.418,153,465,0.329,267,371,0.72,232,637,255,142,73,249,349
171,Mercer,19,9,10,0.474,-7.5,-4.62,,2,4,,5,2,,3,7,,1516,1436,,775,500,1167,0.428,159,488,0.326,277,393,0.705,200,725,258,152,64,278,313
172,Mercyhurst,21,8,13,0.381,-17.14,-6.59,,2,4,,5,2,,3,11,,1369,1454,,845,503,1065,0.472,141,396,0.356,307,431,0.712,203,721,284,125,65,309,348
173,Merrimack,18,9,9,0.5,-4.39,-2.56,,6,1,,5,1,,4,7,,1168,1201,,720,425,1009,0.421,118,379,0.311,233,329,0.708,239,715,248,103,58,249,234
174,Miami (FL),18,4,14,0.222,1.01,4.24,,0,7,,4,7,,0,3,,1368,1426,,725,525,1060,0.495,165,414,0.399,211,288,0.733,171,592,291,106,57,186,275
175,Miami (OH),17,13,4,0.765,0.02,-5.11,,5,0,,7,1,,4,3,,1407,1205,,680,424,936,0.453,143,418,0.342,214,312,0.686,145,531,217,113,59,263,260
176,Michigan,18,14,4,0.778,23.67,8.5,,6,1,,9,0,,3,1,,1523,1250,,730,445,1123,0.396,124,417,0.297,236,331,0.713,210,578,186,128,42,232,351
177,Michigan State,18,16,2,0.889,21.41,7.41,,7,0,,10,0,,3,0,,1471,1219,,725,429,1070,0.401,124,429,0.289,237,340,0.697,179,559,240,115,56,223,361
178,Middle Tennessee,18,13,5,0.722,4.94,2.07,,4,1,,8,1,,3,3,,1406,1266,,725,447,1077,0.415,110,404,0.272,262,354,0.74,188,626,228,116,62,225,299
179,Milwaukee,20,13,7,0.65,0.12,-3.05,,6,3,,9,1,,3,6,,1566,1418,,800,502,1147,0.438,143,445,0.321,271,374,0.725,170,599,259,136,89,270,405
180,Minnesota,18,9,9,0.5,6.34,5.9,,1,6,,9,4,,0,3,,1246,1238,,740,439,1017,0.432,124,355,0.349,236,314,0.752,186,638,262,98,58,197,304
181,Mississippi,18,15,3,0.833,19.35,6.18,,4,1,,9,0,,3,2,,1419,1182,,730,399,986,0.405,129,440,0.293,253,365,0.693,186,659,227,103,71,287,310
182,Mississippi State,18,15,3,0.833,19.98,7.2,,3,2,,8,1,,3,1,,1492,1262,,725,436,1021,0.427,149,426,0.35,241,355,0.679,181,613,222,103,57,253,316
183,Mississippi Valley State,19,2,17,0.105,-34.27,2.2,,0,6,,2,2,,0,15,,1016,1599,,760,565,1108,0.51,175,467,0.375,294,410,0.717,231,707,326,185,69,207,266
184,Missouri,18,15,3,0.833,18.78,3,,4,1,,14,0,,1,2,,1527,1243,,720,438,1039,0.422,137,397,0.345,230,300,0.767,200,592,212,114,58,278,376
185,Missouri State,19,7,12,0.368,-5.37,-0.37,,0,8,,5,4,,1,6,,1332,1376,,785,486,1024,0.475,139,389,0.357,265,371,0.714,172,618,254,115,79,263,343
186,Monmouth,19,5,14,0.263,-10,-1.79,,3,3,,3,1,,2,10,,1284,1440,,760,490,1096,0.447,154,460,0.335,306,436,0.702,227,728,295,132,72,222,319
187,Montana,20,12,8,0.6,-5.07,1.63,,5,2,,9,1,,3,7,,1492,1496,,800,549,1207,0.455,140,420,0.333,258,343,0.752,202,699,282,123,61,229,352
188,Montana State,20,8,12,0.4,-1.73,-0.52,,3,4,,6,2,,2,10,,1438,1403,,805,500,1146,0.436,108,371,0.291,295,379,0.778,192,711,244,115,55,229,329
189,Morehead State,19,12,7,0.632,-10.11,-5.23,,7,1,,8,0,,4,6,,1316,1299,,765,468,1093,0.428,124,386,0.321,239,320,0.747,151,607,213,129,60,199,311
190,Morgan State,20,8,12,0.4,-16.07,-4.7,,2,2,,8,3,,0,9,,1643,1666,,810,578,1230,0.47,158,426,0.371,352,515,0.683,245,710,320,159,68,274,340
191,Mount St. Mary's,18,11,7,0.611,-8.92,-5.45,,4,3,,6,2,,5,5,,1282,1305,,735,471,1112,0.424,139,458,0.303,224,312,0.718,209,642,242,173,59,233,297
192,Murray State,19,10,9,0.526,1.91,0.69,,4,4,,5,3,,3,4,,1415,1317,,785,475,1047,0.454,103,337,0.306,264,351,0.752,157,610,163,114,66,251,363
193,Navy,19,5,14,0.263,-11.47,-7.42,,2,4,,4,4,,1,8,,1357,1379,,760,479,1067,0.449,153,444,0.345,268,375,0.715,175,651,251,121,73,220,321
194,NC State,18,9,9,0.5,7.58,3.36,,2,5,,9,3,,0,4,,1287,1211,,725,438,994,0.441,114,348,0.328,221,300,0.737,203,634,217,90,56,237,308
195,Nebraska,18,12,6,0.667,13.65,6.98,,2,5,,8,1,,2,4,,1379,1259,,725,441,1070,0.412,177,529,0.335,200,289,0.692,186,614,245,108,60,243,329
196,Nevada,18,11,7,0.611,12.12,4.17,,3,4,,8,3,,1,3,,1347,1204,,729,398,953,0.418,145,424,0.342,263,362,0.727,156,549,234,96,51,225,369
197,Nevada-Las Vegas,18,11,7,0.611,6.53,5.25,,5,2,,9,1,,2,4,,1291,1268,,720,442,1025,0.431,154,447,0.345,230,320,0.719,211,641,281,97,44,230,322
198,New Hampshire,20,4,16,0.2,-19.98,-6.31,,2,3,,3,5,,1,9,,1314,1516,,800,541,1195,0.453,154,485,0.318,280,398,0.704,217,754,288,159,85,227,313
199,New Mexico,20,16,4,0.8,14.26,4.89,,8,1,,11,1,,3,2,,1677,1447,,810,515,1199,0.43,156,440,0.355,261,398,0.656,193,727,297,141,88,319,380
200,New Mexico State,18,11,7,0.611,1.76,1.09,,4,1,,7,1,,4,4,,1326,1210,,725,399,1023,0.39,116,402,0.289,296,433,0.684,194,609,218,117,61,206,298
201,New Orleans,19,4,15,0.211,-14.19,2.08,,2,6,,0,4,,3,10,,1282,1591,,765,578,1227,0.471,179,502,0.357,256,349,0.734,268,792,338,144,99,227,329
202,Niagara,18,7,11,0.389,-11.89,-7.3,,2,5,,5,2,,0,9,,1219,1262,,725,437,996,0.439,156,425,0.367,232,296,0.784,166,607,259,118,50,205,279
203,Nicholls State,19,11,8,0.579,-3.71,-0.58,,5,3,,6,3,,5,5,,1418,1331,,760,459,1110,0.414,121,420,0.288,292,406,0.719,216,717,236,132,84,244,284
204,NJIT,19,4,15,0.211,-18.08,-6.3,,1,3,,3,5,,0,10,,1178,1334,,760,476,1115,0.427,109,369,0.295,273,409,0.667,227,707,236,116,66,179,301
205,Norfolk State,21,13,8,0.619,-1.77,-3.6,,3,1,,6,1,,5,7,,1611,1416,,840,477,1181,0.404,172,542,0.317,290,408,0.711,235,684,282,143,77,284,359
206,North Alabama,19,12,7,0.632,0.29,-3.94,,4,2,,7,1,,4,6,,1498,1359,,765,497,1133,0.439,156,484,0.322,209,294,0.711,202,664,253,98,61,239,297
207,North Carolina,19,12,7,0.632,17.53,11.06,,5,2,,7,2,,3,2,,1564,1441,,765,512,1226,0.418,153,479,0.319,264,358,0.737,212,687,246,113,64,216,346
208,North Carolina A&T,20,4,16,0.2,-11.35,-3.25,,0,7,,3,7,,1,9,,1484,1586,,800,567,1268,0.447,144,467,0.308,306,410,0.746,240,845,309,107,75,227,351
209,North Carolina Central,21,9,12,0.429,-11.65,-5.83,,2,2,,6,3,,2,8,,1690,1549,,850,536,1132,0.473,121,410,0.295,356,508,0.701,223,690,261,121,62,367,364
210,North Dakota,21,8,13,0.381,-8.42,-0.92,,2,4,,5,4,,2,7,,1614,1646,,840,600,1255,0.478,177,480,0.369,269,366,0.735,194,742,273,136,79,237,388
211,North Dakota State,21,15,6,0.714,4.93,-2.96,,4,2,,7,3,,6,3,,1729,1514,,846,566,1292,0.438,155,492,0.315,227,332,0.684,207,671,222,128,51,160,362
212,North Florida,19,9,10,0.474,-5.83,-0.19,,2,4,,5,4,,4,6,,1601,1616,,765,597,1238,0.482,134,376,0.356,288,417,0.691,232,766,314,129,73,203,275
213,North Texas,17,13,4,0.765,10,1.13,,4,1,,9,0,,3,3,,1179,997,,680,333,795,0.419,109,330,0.33,222,305,0.728,124,463,171,112,44,235,285
214,Northeastern,19,10,9,0.526,-3.59,-3.7,,2,4,,4,2,,4,6,,1341,1339,,760,481,1100,0.437,139,389,0.357,238,349,0.682,191,629,245,140,74,219,292
215,Northern Arizona,19,11,8,0.579,-6.99,-5.79,,2,4,,8,2,,3,5,,1500,1348,,761,477,1108,0.431,144,417,0.345,250,350,0.714,162,621,247,108,59,205,316
216,Northern Colorado,19,14,5,0.737,1.01,-1.06,,6,0,,9,1,,4,4,,1566,1414,,775,509,1107,0.46,138,402,0.343,258,358,0.721,144,577,197,118,62,219,304
217,Northern Illinois,17,4,13,0.235,-20.5,-2.36,,0,5,,4,4,,0,9,,1199,1299,,680,445,980,0.454,138,370,0.373,271,376,0.721,180,705,232,113,45,244,287
218,Northern Iowa,19,11,8,0.579,4.68,-0.82,,5,3,,9,2,,2,3,,1438,1297,,760,464,1056,0.439,147,437,0.336,222,303,0.733,161,590,213,128,47,225,314
219,Northern Kentucky,20,9,11,0.45,-5.08,-1.42,,4,5,,8,4,,1,7,,1387,1408,,820,508,1160,0.438,174,474,0.367,218,307,0.71,220,705,271,146,62,287,356
220,Northwestern,18,11,7,0.611,14.36,8.47,,2,5,,9,1,,0,5,,1331,1225,,740,422,986,0.428,122,376,0.324,259,351,0.738,165,610,264,98,60,256,316
221,Northwestern State,18,8,10,0.444,-5.17,0.83,,5,3,,6,3,,2,7,,1237,1282,,725,458,1026,0.446,141,393,0.359,225,322,0.699,195,605,215,126,69,207,282
222,Notre Dame,18,8,10,0.444,8.78,5.06,,2,5,,7,2,,1,5,,1348,1281,,725,453,1033,0.439,140,439,0.319,235,317,0.741,163,577,261,100,62,182,298
223,Oakland,20,8,12,0.4,-2.23,2.93,,5,4,,4,2,,3,8,,1308,1383,,810,500,1139,0.439,157,449,0.35,226,306,0.739,227,694,302,112,68,216,312
224,Ohio,17,10,7,0.588,-0.64,-4.02,,4,1,,7,0,,2,5,,1378,1273,,685,454,1017,0.446,133,344,0.387,232,346,0.671,171,595,234,119,51,230,304
225,Ohio State,18,10,8,0.556,18.63,9.91,,2,5,,7,4,,1,3,,1442,1285,,740,421,1065,0.395,124,426,0.291,319,420,0.76,201,617,191,76,68,221,345
226,Oklahoma,18,14,4,0.778,14.31,4.42,,1,4,,9,2,,0,2,,1454,1276,,720,458,1052,0.435,122,429,0.284,238,336,0.708,212,607,202,133,55,249,315
227,Oklahoma State,17,10,7,0.588,4.66,4.6,,2,4,,7,1,,2,3,,1258,1257,,680,440,937,0.47,142,403,0.352,235,339,0.693,138,549,235,118,71,261,328
228,Old Dominion,19,8,11,0.421,-11.13,-2.89,,4,3,,5,6,,3,2,,1290,1376,,770,487,1125,0.433,134,387,0.346,266,394,0.675,221,697,245,138,73,194,305
229,Omaha,20,11,9,0.55,-4.59,-2.15,,5,0,,5,2,,5,6,,1476,1474,,800,501,1117,0.449,165,484,0.341,307,428,0.717,175,676,278,125,55,223,360
230,Oral Roberts,18,5,13,0.278,-12.23,1.56,,1,4,,5,3,,0,10,,1360,1425,,720,500,1044,0.479,148,425,0.348,277,369,0.751,182,636,274,107,62,208,315
231,Oregon,18,15,3,0.833,18.78,10.5,,4,3,,7,3,,4,0,,1407,1258,,725,454,1103,0.412,135,428,0.315,215,297,0.724,206,614,217,116,54,234,348
232,Oregon State,20,14,6,0.7,12.33,1.12,,4,3,,11,1,,1,4,,1557,1308,,815,458,1118,0.41,150,478,0.314,242,348,0.695,198,599,250,125,43,253,359
233,Pacific,21,6,15,0.286,-7.59,1.47,,1,6,,3,6,,1,9,,1510,1602,,850,543,1218,0.446,174,497,0.35,342,450,0.76,207,737,332,137,67,228,375
234,Penn State,19,13,6,0.684,15.77,3.3,,3,5,,10,2,,1,3,,1600,1363,,760,490,1116,0.439,142,439,0.323,241,334,0.722,201,646,307,132,56,306,387
235,Pennsylvania,16,5,11,0.313,-11.35,-2.6,,1,2,,3,4,,2,6,,1052,1192,,640,439,987,0.445,131,359,0.365,183,234,0.782,196,615,232,96,51,152,241
236,Pepperdine,19,7,12,0.368,-1.47,2.53,,1,5,,5,5,,1,6,,1376,1386,,760,500,1158,0.432,141,449,0.314,245,325,0.754,199,668,245,131,54,209,316
237,Pittsburgh,18,12,6,0.667,18.14,8.58,,3,4,,9,2,,2,3,,1447,1275,,730,448,1053,0.425,139,418,0.333,240,338,0.71,190,610,214,97,51,225,322
238,Portland,20,6,14,0.3,-9.79,2.55,,1,6,,5,5,,1,6,,1423,1601,,820,594,1301,0.457,212,568,0.373,201,287,0.7,210,738,352,156,47,201,353
239,Portland State,18,11,7,0.611,-5.63,-4.09,,3,2,,6,1,,4,5,,1425,1282,,720,446,1035,0.431,130,387,0.336,260,347,0.749,182,596,250,128,53,279,333
240,Prairie View,19,4,15,0.211,-15.01,-1.96,,3,3,,2,3,,2,12,,1430,1644,,760,579,1117,0.518,135,378,0.357,351,502,0.699,243,757,298,112,70,291,368
241,Presbyterian,20,8,12,0.4,-8.59,-4.42,,1,4,,5,2,,1,10,,1520,1413,,810,497,1120,0.444,136,398,0.342,283,408,0.694,197,664,241,131,68,243,327
242,Princeton,18,14,4,0.778,0.08,-2.42,,3,0,,6,1,,5,1,,1388,1291,,720,454,1035,0.439,142,410,0.346,241,322,0.748,155,611,228,125,70,230,283
243,Providence,19,9,10,0.474,8.22,6.07,,3,5,,8,2,,1,4,,1362,1321,,765,467,1122,0.416,122,393,0.31,265,378,0.701,200,630,208,138,60,167,298
244,Purdue,19,15,4,0.789,21.81,12.03,,7,1,,9,0,,4,2,,1467,1281,,760,466,1087,0.429,138,456,0.303,211,286,0.738,193,603,268,128,60,234,350
245,Purdue Fort Wayne,20,14,6,0.7,1.36,-3.7,,7,2,,9,0,,4,5,,1687,1493,,815,551,1188,0.464,166,489,0.339,225,305,0.738,210,727,287,98,58,312,337
246,Queens (NC),19,12,7,0.632,-4.49,-2.73,,5,1,,6,1,,5,6,,1437,1378,,760,497,1142,0.435,144,450,0.32,240,361,0.665,203,689,230,156,74,249,329
247,Quinnipiac,19,11,8,0.579,-4.56,-5.01,,7,1,,6,1,,5,7,,1356,1324,,765,474,1155,0.41,154,455,0.338,222,321,0.692,195,667,287,135,83,251,294
248,Radford,20,13,7,0.65,-3.67,-2.11,,3,2,,7,0,,4,7,,1485,1408,,805,477,1131,0.422,162,485,0.334,292,387,0.755,196,644,244,130,64,227,366
249,Rhode Island,18,14,4,0.778,5.4,-1.72,,3,3,,10,1,,1,3,,1448,1295,,735,471,1134,0.415,119,424,0.281,234,335,0.699,189,631,252,136,75,206,383
250,Rice,19,11,8,0.579,-1.46,-4.02,,2,4,,6,3,,3,3,,1336,1291,,770,438,1091,0.401,129,410,0.315,286,396,0.722,203,656,194,144,46,194,397
251,Richmond,19,7,12,0.368,-5.1,0.55,,2,4,,4,5,,1,6,,1299,1352,,775,447,1066,0.419,159,483,0.329,299,412,0.726,168,696,212,106,52,205,324
252,Rider,18,7,11,0.389,-12.58,-5.35,,3,4,,1,4,,6,7,,1171,1301,,720,480,1040,0.462,156,433,0.36,185,272,0.68,191,626,265,111,66,198,288
253,Robert Morris,20,13,7,0.65,-3.81,-5.28,,5,4,,9,2,,4,5,,1503,1447,,820,521,1177,0.443,137,402,0.341,268,370,0.724,200,685,253,144,69,278,404
254,Rutgers,19,10,9,0.526,9.53,7.84,,3,5,,8,2,,1,4,,1455,1423,,765,521,1164,0.448,154,446,0.345,227,336,0.676,211,684,267,108,53,224,377
255,Sacramento State,18,5,13,0.278,-13.99,-3.26,,1,4,,4,6,,1,7,,1182,1190,,720,401,971,0.413,152,464,0.328,236,334,0.707,168,611,233,134,42,234,322
256,Sacred Heart,18,6,12,0.333,-10.1,-6.52,,2,5,,4,3,,1,8,,1336,1357,,720,470,1050,0.448,181,485,0.373,236,313,0.754,174,618,303,128,67,234,271
257,Saint Francis (PA),20,7,13,0.35,-14.12,-2.65,,2,4,,5,3,,2,10,,1420,1467,,810,523,1198,0.437,164,526,0.312,257,355,0.724,208,703,285,162,65,225,260
258,Saint Joseph's,18,11,7,0.611,7.33,0.1,,2,3,,7,4,,1,2,,1374,1244,,725,447,1100,0.406,126,390,0.323,224,293,0.765,184,631,246,123,53,211,284
259,Saint Louis,18,11,7,0.611,2.6,0.66,,4,1,,9,1,,2,4,,1364,1261,,720,466,1116,0.418,131,417,0.314,198,279,0.71,191,635,200,119,60,195,299
260,Saint Mary's (CA),19,16,3,0.842,16.4,2.06,,6,0,,10,1,,4,0,,1459,1161,,770,429,1072,0.4,107,334,0.32,196,267,0.734,173,579,237,108,52,229,328
261,Saint Peter's,15,7,8,0.467,-7.97,-6.4,,2,5,,2,3,,5,5,,1004,961,,600,316,786,0.402,90,304,0.296,239,346,0.691,162,483,157,104,57,190,245
262,Sam Houston,19,8,11,0.421,-3.09,2.48,,1,5,,5,1,,2,9,,1478,1468,,765,517,1134,0.456,159,464,0.343,275,391,0.703,212,671,282,135,52,246,335
263,Samford,19,15,4,0.789,2.8,-3.78,,5,1,,10,1,,5,3,,1623,1413,,770,491,1123,0.437,153,468,0.327,278,392,0.709,237,687,292,156,54,327,326
264,San Diego,20,4,16,0.2,-6.73,2.85,,1,6,,4,9,,0,6,,1334,1511,,800,500,1130,0.442,153,444,0.345,358,489,0.732,219,747,272,138,70,267,332
265,San Diego State,16,11,5,0.688,15.83,9.3,,4,3,,6,3,,2,1,,1152,1003,,645,329,905,0.364,117,416,0.281,228,322,0.708,187,575,175,90,49,222,275
266,San Francisco,21,16,5,0.762,10.32,1.12,,6,2,,12,0,,2,3,,1618,1418,,845,496,1180,0.42,131,429,0.305,295,413,0.714,208,707,215,155,54,283,363
267,San Jose State,20,9,11,0.45,1.11,3.05,,2,6,,4,5,,1,5,,1499,1460,,805,544,1193,0.456,152,457,0.333,220,320,0.688,209,683,294,98,55,211,309
268,Santa Clara,20,13,7,0.65,11.68,5.73,,5,2,,7,2,,3,3,,1614,1495,,815,536,1225,0.438,151,487,0.31,272,392,0.694,211,685,301,123,67,238,329
269,Seattle,18,8,10,0.444,1.01,1.01,,3,1,,6,3,,2,6,,1334,1239,,720,446,975,0.457,124,374,0.332,223,334,0.668,134,558,245,125,57,239,350
270,Seton Hall,18,6,12,0.333,0.24,3.86,,1,6,,4,5,,0,5,,1161,1226,,730,412,916,0.45,144,411,0.35,258,359,0.719,151,579,233,116,75,247,335
271,Siena,18,8,10,0.444,-7.42,-5.14,,3,4,,4,3,,3,5,,1259,1300,,740,465,1010,0.46,132,362,0.365,238,323,0.737,161,593,237,133,60,225,339
272,South Alabama,19,14,5,0.737,4.05,-3.9,,6,1,,10,3,,4,2,,1405,1171,,770,397,1060,0.375,209,638,0.328,168,243,0.691,210,673,268,103,53,281,281
273,South Carolina,18,10,8,0.556,8.29,5.57,,0,5,,8,3,,1,4,,1289,1240,,725,458,1045,0.438,109,335,0.325,215,314,0.685,175,592,213,142,79,189,361
274,South Carolina State,19,9,10,0.474,-6.59,-5.76,,3,1,,4,2,,4,8,,1449,1335,,760,450,1002,0.449,118,375,0.315,317,471,0.673,182,617,243,135,56,298,378
275,South Carolina Upstate,20,5,15,0.25,-15.49,-1.49,,1,4,,4,4,,1,10,,1513,1655,,800,579,1228,0.471,172,504,0.341,325,482,0.674,208,729,279,160,59,237,354
276,South Dakota,20,11,9,0.55,-6.46,-3.28,,2,3,,10,1,,1,8,,1717,1656,,800,583,1269,0.459,190,517,0.368,300,421,0.713,261,757,309,102,66,264,411
277,South Dakota State,20,12,8,0.6,5.17,0.11,,3,2,,9,0,,0,6,,1604,1439,,800,497,1207,0.412,192,582,0.33,253,344,0.735,171,626,266,140,42,200,346
278,South Florida,18,10,8,0.556,-1.26,-2.56,,3,2,,7,2,,1,4,,1406,1327,,720,467,1064,0.439,123,397,0.31,270,356,0.758,195,623,269,122,54,230,300
279,Southeast Missouri State,19,10,9,0.526,-6.69,-4.44,,5,3,,7,3,,3,5,,1396,1291,,765,440,1061,0.415,103,378,0.272,308,425,0.725,176,668,186,109,49,263,292
280,Southeastern Louisiana,19,11,8,0.579,-4.58,-3.88,,5,3,,3,1,,7,6,,1364,1304,,760,447,1055,0.424,141,471,0.299,269,399,0.674,202,644,238,130,73,258,318
281,Southern,18,10,8,0.556,-4.78,-0.45,,5,0,,6,0,,4,8,,1370,1258,,720,418,979,0.427,145,411,0.353,277,400,0.693,168,600,254,131,90,289,299
282,Southern California,18,11,7,0.611,12.35,7.63,,3,4,,9,4,,2,1,,1386,1301,,720,452,1022,0.442,129,403,0.32,268,352,0.761,166,572,266,114,58,237,335
283,Southern Illinois,19,8,11,0.421,-2.53,1.06,,3,5,,5,3,,2,5,,1386,1398,,770,490,1103,0.444,149,421,0.354,269,374,0.719,189,649,254,142,64,239,313
284,SIU Edwardsville,19,12,7,0.632,-7.13,-6.57,,5,3,,7,1,,4,6,,1392,1266,,770,435,1083,0.402,154,456,0.338,242,340,0.712,190,674,232,114,50,259,288
285,Southern Indiana,18,8,10,0.444,-11.54,-7.16,,3,5,,7,3,,1,7,,1336,1313,,730,459,1062,0.432,144,416,0.346,251,370,0.678,200,654,214,131,62,228,305
286,Southern Methodist,18,14,4,0.778,16.46,3.24,,5,2,,8,2,,3,2,,1526,1288,,720,442,1072,0.412,141,412,0.342,263,356,0.739,191,584,266,114,71,236,330
287,Southern Mississippi,19,8,11,0.421,-8.17,-1.7,,3,4,,8,1,,0,8,,1401,1462,,770,520,1183,0.44,143,446,0.321,279,388,0.719,207,688,265,162,70,224,310
288,Southern Utah,18,9,9,0.5,-6.44,0.03,,1,3,,7,2,,1,7,,1340,1321,,720,498,1177,0.423,106,341,0.311,219,311,0.704,230,655,243,152,62,201,338
289,St. Bonaventure,19,15,4,0.789,6.19,-2.25,,3,3,,8,1,,5,2,,1370,1196,,765,427,1051,0.406,168,513,0.327,174,241,0.722,161,588,238,105,54,238,299
290,St. John's (NY),19,16,3,0.842,19.8,5.28,,7,1,,12,0,,3,1,,1532,1256,,770,445,1114,0.399,140,418,0.335,226,337,0.671,208,664,235,125,65,302,336
291,St. Thomas,20,15,5,0.75,3.05,-3.65,,5,0,,9,0,,5,4,,1719,1493,,805,513,1178,0.435,168,489,0.344,299,412,0.726,221,721,288,110,56,275,359
292,Stanford,18,12,6,0.667,8.44,3.38,,4,3,,9,1,,3,3,,1373,1282,,720,448,991,0.452,108,331,0.326,278,357,0.779,150,573,175,92,47,210,306
293,Stephen F. Austin,19,8,11,0.421,-7.69,-2.13,,1,7,,5,4,,3,7,,1222,1232,,765,427,1068,0.4,122,407,0.3,256,386,0.663,228,642,217,177,66,278,336
294,Stetson,19,5,14,0.263,-16.33,-2.33,,3,3,,4,5,,1,6,,1379,1572,,765,566,1255,0.451,178,480,0.371,262,351,0.746,256,736,310,168,54,186,346
295,Stonehill,20,10,10,0.5,-10.54,-7.1,,2,3,,6,1,,3,8,,1402,1401,,800,487,1131,0.431,131,398,0.329,296,396,0.747,207,704,194,137,86,242,328
296,Stony Brook,19,4,15,0.211,-14.5,-2.66,,0,6,,2,6,,2,8,,1246,1411,,760,517,1075,0.481,159,454,0.35,218,317,0.688,190,663,308,145,69,204,294
297,Syracuse,18,9,9,0.5,3.82,6.26,,3,4,,8,3,,1,3,,1352,1396,,730,505,1116,0.453,148,438,0.338,238,330,0.721,166,632,247,140,57,186,339
298,Tarleton State,20,8,12,0.4,-10.47,2.23,,3,2,,6,1,,1,9,,1307,1435,,800,464,1046,0.444,162,459,0.353,345,472,0.731,218,632,273,188,84,342,378
299,TCU,17,10,7,0.588,12.93,8.99,,3,3,,9,1,,1,3,,1197,1130,,685,409,964,0.424,120,407,0.295,192,269,0.714,169,582,252,97,53,225,278
300,Temple,18,12,6,0.667,3.82,0.47,,4,1,,8,0,,2,3,,1431,1345,,720,479,1133,0.423,139,423,0.329,248,362,0.685,227,649,261,129,74,212,367
301,Tennessee,18,16,2,0.889,24.75,6.69,,3,2,,10,0,,3,2,,1383,1058,,720,375,1029,0.364,119,466,0.255,189,258,0.733,200,552,163,107,53,247,312
302,Tennessee State,19,7,12,0.368,-10.56,-6.99,,3,5,,6,3,,1,7,,1503,1422,,780,495,1187,0.417,133,407,0.327,299,448,0.667,228,680,230,156,58,255,367
303,Tennessee Tech,19,9,10,0.474,-9.72,-5.55,,4,4,,6,2,,2,7,,1373,1409,,760,542,1250,0.434,136,421,0.323,189,254,0.744,242,763,271,148,48,191,265
304,Tennessee-Martin,19,9,10,0.474,-9.74,-5.93,,5,3,,6,1,,3,8,,1460,1349,,775,466,1123,0.415,168,545,0.308,249,354,0.703,202,677,257,139,78,252,320
305,Texas,18,12,6,0.667,16.49,2.99,,1,4,,8,3,,2,2,,1447,1204,,720,433,1042,0.416,117,361,0.324,221,335,0.66,193,599,212,96,52,226,323
306,Texas A&M,18,14,4,0.778,20.57,9.96,,3,2,,9,1,,1,2,,1375,1184,,720,387,992,0.39,145,473,0.307,265,352,0.753,195,592,248,135,89,268,366
307,Texas A&M-Corpus Christi,20,13,7,0.65,0.33,-1.67,,6,2,,10,1,,3,6,,1620,1375,,800,469,1118,0.419,136,429,0.317,301,449,0.67,203,638,246,146,88,289,346
308,Texas Southern,18,7,11,0.389,-10.98,-0.58,,4,1,,6,2,,1,9,,1305,1384,,725,473,1109,0.427,180,503,0.358,258,367,0.703,232,731,273,128,76,258,278
309,Texas State,19,11,8,0.579,-1.25,-2.72,,4,3,,7,1,,2,6,,1474,1361,,770,467,1079,0.433,144,395,0.365,283,420,0.674,196,620,244,137,75,232,348
310,Texas Tech,17,13,4,0.765,22.26,4.55,,4,2,,9,2,,3,0,,1412,1111,,685,393,965,0.407,119,368,0.323,206,305,0.675,175,519,184,110,46,219,260
311,Texas-Rio Grande Valley,19,12,7,0.632,-3.45,-3.31,,4,4,,8,1,,2,6,,1501,1347,,760,489,1149,0.426,125,404,0.309,244,334,0.731,207,675,243,126,35,251,295
312,The Citadel,17,5,12,0.294,-16.78,-3.25,,0,6,,5,6,,0,6,,1175,1244,,685,427,975,0.438,142,403,0.352,248,340,0.729,180,598,225,142,48,193,280
313,Toledo,17,10,7,0.588,-3.52,-0.46,,4,1,,4,1,,4,5,,1331,1318,,680,497,1063,0.468,136,409,0.333,188,270,0.696,190,620,237,107,57,191,314
314,Towson,19,10,9,0.526,-3.7,-1.2,,5,1,,6,1,,4,4,,1270,1260,,775,442,1031,0.429,131,396,0.331,245,343,0.714,168,644,210,106,58,217,295
315,Troy,18,11,7,0.611,2.9,-0.16,,4,3,,6,3,,5,4,,1323,1195,,720,432,1045,0.413,127,379,0.335,204,290,0.703,214,578,233,159,59,252,307
316,Tulane,19,10,9,0.526,1.69,-2.54,,4,2,,9,2,,1,4,,1449,1300,,765,444,1103,0.403,138,456,0.303,274,368,0.745,203,676,265,123,71,253,310
317,Tulsa,18,8,10,0.444,-8.72,-6.6,,2,3,,6,4,,1,4,,1327,1314,,735,482,1108,0.435,119,364,0.327,231,343,0.673,198,674,222,125,66,197,306
318,UAB,18,11,7,0.611,4.01,-3.82,,4,1,,8,3,,2,2,,1530,1352,,725,481,1114,0.432,135,400,0.338,255,333,0.766,195,605,225,116,63,217,299
319,UC Davis,19,11,8,0.579,-5.89,-1.54,,5,3,,6,2,,5,6,,1320,1321,,760,444,1067,0.416,130,400,0.325,303,411,0.737,225,698,239,140,43,306,383
320,UC Irvine,19,17,2,0.895,10.72,-0.39,,7,0,,6,0,,8,2,,1448,1218,,765,450,1186,0.379,142,466,0.305,176,246,0.715,197,651,240,130,50,253,371
321,UC Riverside,19,11,8,0.579,-1.19,2.69,,4,3,,7,1,,4,7,,1368,1383,,770,498,1116,0.446,135,425,0.318,252,344,0.733,183,667,278,110,63,208,305
322,UC San Diego,19,15,4,0.789,10.26,-1.33,,5,2,,6,2,,6,2,,1525,1194,,760,410,988,0.415,162,450,0.36,212,300,0.707,159,635,212,90,54,321,307
323,UC Santa Barbara,18,12,6,0.667,0.99,-5.13,,4,3,,8,3,,4,3,,1334,1170,,720,414,1023,0.405,122,388,0.314,220,291,0.756,167,572,186,117,38,195,300
324,UCF,17,12,5,0.706,10.25,8.72,,3,3,,9,2,,2,1,,1342,1316,,695,476,1078,0.442,136,389,0.35,228,315,0.724,217,645,246,112,64,241,327
325,UCLA,18,12,6,0.667,18.55,6.61,,3,4,,9,1,,1,3,,1362,1147,,720,383,907,0.422,126,393,0.321,255,353,0.722,159,558,226,113,46,306,339
326,UNC Asheville,19,13,6,0.684,-4.73,-3.46,,4,1,,9,0,,3,6,,1647,1468,,770,503,1116,0.451,144,452,0.319,318,461,0.69,221,676,248,114,33,264,350
327,UNC Greensboro,19,12,7,0.632,1.84,-1.48,,5,1,,7,0,,4,5,,1419,1217,,760,429,1077,0.398,118,422,0.28,241,337,0.715,208,644,209,103,49,220,296
328,UNC Wilmington,19,14,5,0.737,1.29,-3.18,,4,2,,11,2,,3,3,,1515,1335,,765,480,1124,0.427,145,461,0.315,230,341,0.674,203,631,224,119,70,230,375
329,UT Arlington,18,7,11,0.389,-4.83,-3.08,,0,4,,4,2,,2,7,,1380,1347,,725,449,1057,0.425,126,363,0.347,323,439,0.736,204,625,248,138,65,222,332
330,Utah,17,11,6,0.647,12.94,2.77,,3,3,,10,2,,1,2,,1363,1190,,685,417,1049,0.398,132,415,0.318,224,326,0.687,198,605,213,116,69,201,313
331,Utah State,18,16,2,0.889,14.88,3.71,,6,1,,9,1,,4,1,,1477,1223,,720,438,1016,0.431,146,438,0.333,201,293,0.686,192,572,265,127,57,265,331
332,Utah Tech,19,6,13,0.316,-9.87,0.07,,2,2,,5,2,,0,10,,1342,1446,,760,527,1123,0.469,116,372,0.312,276,397,0.695,214,714,258,138,83,238,325
333,Utah Valley,19,13,6,0.684,0.67,-2.1,,5,0,,8,0,,4,5,,1460,1318,,765,476,1114,0.427,130,377,0.345,236,332,0.711,172,612,242,145,63,240,360
334,UTEP,18,14,4,0.778,1.82,0.09,,4,1,,9,1,,3,2,,1329,1217,,720,407,941,0.433,116,373,0.311,287,382,0.751,202,639,240,122,50,320,318
335,UTSA,17,8,9,0.471,-5.01,0.12,,2,3,,5,3,,2,6,,1341,1333,,685,459,972,0.472,146,388,0.376,269,373,0.721,191,635,275,120,64,271,251
336,Valparaiso,19,10,9,0.526,-2.55,-0.78,,3,5,,8,3,,2,5,,1476,1391,,775,496,1112,0.446,125,405,0.309,274,401,0.683,184,672,228,124,60,230,351
337,Vanderbilt,18,15,3,0.833,16.26,1.98,,3,2,,10,1,,2,1,,1477,1220,,720,424,989,0.429,126,356,0.354,246,346,0.711,176,600,209,105,64,289,312
338,Vermont,19,10,9,0.526,-8.89,-4.06,,3,1,,6,1,,3,7,,1250,1225,,760,448,1069,0.419,123,390,0.315,206,282,0.73,191,658,190,121,60,235,295
339,Villanova,20,12,8,0.6,13.44,4.34,,5,4,,10,2,,1,4,,1538,1356,,800,464,1090,0.426,177,491,0.36,251,363,0.691,191,598,284,101,47,204,313
340,Virginia,18,8,10,0.444,3.88,6.93,,1,6,,7,3,,0,5,,1104,1159,,720,411,997,0.412,136,423,0.322,201,262,0.767,183,611,210,119,46,171,259
341,Virginia Commonwealth,18,14,4,0.778,12.39,-0.61,,4,1,,9,0,,2,2,,1397,1131,,725,389,996,0.391,103,342,0.301,250,356,0.702,197,615,177,118,37,263,325
342,VMI,19,8,11,0.421,-12.6,-4.73,,2,4,,5,2,,2,8,,1450,1372,,760,497,1125,0.442,183,538,0.34,195,285,0.684,193,656,351,131,64,256,320
343,Virginia Tech,18,8,10,0.444,2.69,5.3,,3,4,,7,4,,1,2,,1268,1315,,720,459,1014,0.453,146,443,0.33,251,327,0.768,170,553,247,121,63,201,282
344,Wagner,18,10,8,0.556,-15.49,-7.92,,2,3,,6,4,,4,4,,1156,1064,,730,362,868,0.417,124,378,0.328,216,318,0.679,118,559,203,112,59,252,262
345,Wake Forest,18,14,4,0.778,8.12,2.9,,6,1,,9,0,,3,3,,1276,1182,,720,401,1028,0.39,142,457,0.311,238,306,0.778,202,633,223,118,34,259,314
346,Washington,18,10,8,0.556,8.09,8.15,,1,6,,8,4,,0,4,,1303,1289,,720,460,1023,0.45,100,339,0.295,269,364,0.739,169,625,193,105,84,237,341
347,Washington State,20,15,5,0.75,9.21,2.56,,5,2,,8,1,,3,2,,1631,1498,,805,539,1244,0.433,147,476,0.309,273,398,0.686,228,652,253,155,53,259,385
348,Weber State,19,7,12,0.368,-6.7,1.11,,1,4,,3,5,,2,7,,1429,1353,,765,462,1073,0.431,138,397,0.348,291,415,0.701,192,645,250,112,52,216,330
349,West Georgia,19,3,16,0.158,-15.03,-2.42,,1,5,,2,3,,1,11,,1303,1484,,761,510,1064,0.479,166,468,0.355,298,423,0.704,189,709,294,139,61,241,288
350,West Virginia,17,13,4,0.765,17.99,9.16,,4,2,,9,1,,2,2,,1235,1085,,695,381,971,0.392,100,356,0.281,223,301,0.741,187,620,169,98,48,228,256
351,Western Carolina,17,5,12,0.294,-17.06,0.65,,1,5,,5,4,,0,8,,1159,1324,,680,460,1057,0.435,163,469,0.348,241,331,0.728,173,625,247,162,51,201,249
352,Western Illinois,19,8,11,0.421,-15.19,-7.44,,2,6,,5,3,,3,7,,1311,1328,,765,480,1083,0.443,134,400,0.335,234,319,0.734,187,625,226,120,51,189,264
353,Western Kentucky,18,11,7,0.611,1.75,2.5,,2,3,,9,2,,2,5,,1394,1358,,725,458,1123,0.408,153,500,0.306,289,396,0.73,204,748,247,129,87,257,307
354,Western Michigan,17,4,13,0.235,-8.61,-1.61,,1,4,,2,6,,2,7,,1235,1307,,680,464,994,0.467,152,427,0.356,227,326,0.696,150,576,263,99,81,189,297
355,Wichita State,18,11,7,0.611,1.9,0.84,,1,4,,8,3,,1,3,,1389,1356,,725,496,1151,0.431,172,496,0.347,192,298,0.644,203,655,282,118,77,202,302
356,William & Mary,19,11,8,0.579,-3.74,-4.04,,5,1,,7,0,,3,7,,1539,1432,,760,502,1144,0.439,147,475,0.309,281,397,0.708,206,665,251,132,58,233,338
357,Winthrop,21,13,8,0.619,-2.33,-3.33,,3,3,,12,1,,1,7,,1801,1632,,855,553,1289,0.429,173,497,0.348,353,485,0.728,254,780,267,148,92,329,512
358,Wisconsin,18,15,3,0.833,20.25,8.14,,5,2,,10,1,,2,2,,1484,1266,,720,453,1091,0.415,128,412,0.311,232,319,0.727,185,596,198,90,53,200,352
359,Wofford,19,10,9,0.526,0,0.12,,4,2,,6,1,,3,7,,1427,1330,,765,458,1059,0.432,167,494,0.338,247,365,0.677,168,597,230,113,60,199,290
360,Wright State,20,10,10,0.5,-2.01,-2.12,,4,5,,6,2,,3,6,,1548,1481,,810,533,1181,0.451,152,429,0.354,263,387,0.68,192,667,266,132,55,215,326
361,Wyoming,18,9,9,0.5,-0.51,3.14,,2,5,,6,3,,2,4,,1249,1288,,720,441,993,0.444,125,377,0.332,281,378,0.743,160,571,201,119,47,193,328
362,Xavier,19,12,7,0.632,14.59,6.07,,4,4,,9,2,,2,4,,1469,1307,,765,471,1119,0.421,128,383,0.334,237,332,0.714,183,633,263,126,87,228,362
363,Yale,16,10,6,0.625,6.92,-2.22,,3,0,,6,0,,2,5,,1316,1125,,640,373,905,0.412,134,405,0.331,245,328,0.747,139,493,206,105,60,190,293
364,Youngstown State,20,12,8,0.6,-5.01,-5.32,,7,3,,5,2,,6,5,,1478,1404,,810,491,1174,0.418,115,364,0.316,307,441,0.696,210,735,247,135,60,266,374
,,,,,,,,,,,,,,,,,,,,,,,,,,,,,,,,,,,,,
